﻿id,review
tmd****,"남자 알바생이 불친절함. 주문안받고 계속 전화하고 있음. 기다려달라는 말이나 별도의 설명없이 계속 기다리고 있었음. 옆에서 여자알바생이 ""주문아니야?""라고 얘기까지 하는데 대꾸도 없음. 결국 눈치보던 여자 알바생이 주문받음. 
아무래도 기계가 잘 안되던걸로 보이던데...과연 그 일이 아무런 설명도 없이 손님 앞에 세워놓고 계속 진행했어야하는지 의문이 들어 아쉬움이 남음. 자주 이용했었는데...앞으로도 이용할지는..."
루루0,커피 맛있어요
hihihiee,월평동 양아치들의 모임장소인가 양아치들이 항상 많이 앉아있어요.. 알바인지 사장인지 휴대폰 만진 손으로 손 안 씻고 빨대 까서 만지고 꽂아주셔서 비위상했어요 휴대폰 만지고 손을 좀 자주 씻어주세요
l m y,가성비최고맛집
윤이나지오파파,가성비 굿 커피맛 좋아요
초코파이1995,가성비 굳굳 일리터는 짱짱
ooo****,좌석은 차가워여ㆍ방석좀 부탁합니다
understandryeon,늦은 시간까지 해서 좋아요
딸기소보로,가성비가 좋고 영업시간도 길어서 자주 애용합니다.^^
ker****,메뉴가 다양하고 좋아요
뭉치5714,수박주스 넘 맛있어요
딸기소보로,"가성비가 좋고 양이 많아서 좋다.
또한, 24시간? 영업하는 부분이 좋다."
dnl****,"자주갑니다
친절하고 맛있고 싸고 큽니다"
난간마켓,굿
poopoo0322,분위기도 좋고 커피도 맛있어요
zlp****,"주문이 밀린 것도 아니고, 수박주스 한 잔인데 
너무 늦게 나와요. 알바생 표정도 똥십은 표정이고"
나사무엘,좋아요
질그릇58,굿
빙글빙글돌아가는회전목마,삼거리 앞에 있어서 뷰가 좋아요. 음료도 싼 값에 먹을 수 있어요.
낌마니,굿
천사9682,맛있어요
mr****,좋아요
랄랄랄랄78,굿
앙튜,자주가는곳인데 역시여기는맜있어요 최고에요
웃음쟁이84,맛나요
nay****,굿
난간마켓,굿
dlld,굿
그런사람아니다오빠,좋아요~
epe****,굿
으버버허허13,맛있어요!
돈쭈머니,좋아요~
네피르카린,나쁘지않아요
sovely0303,좋아요
미소마미92,굿
nan****,굿
shs****,맛있어요
꿈탕바한은생인,좋아요
min****,늦게까지해서 좋아요
승짱,친절
깡93,좋아요
지니머니,굿
서명근,굿
지니머니,굿
선화5021,굿
언행,예쁘고 음료 맛있어요!
ssu****,굿
미소마미92,굿
첼둥,션하고 좋네요
뷔안,굿
지니머니,굿
뷔안,귯
밍먀,손님이 결제를 하고있는데 물걸레질한다고 비키라는 곳은 살다살다 처음이네요...;;; 낮 12시에;;;
kamuiee63,굿~
뷔안,굿
sey****,좋아여🤗
dlld,굿
kamuiee63,가성비 맛집
ginajp,좋아요 좋아 좋아요
ㅍㅍ,괜찮아요
나가노,굿
뷔안,국
h_****,굿
나윤5159,굿
kamuiee63,굿
whd****,좋아요
꿈탕바한은생인,좋아요
블링블링핑크,굳
백설기59,굿
lee****,굿
non****,카페입니다
anyyyn,좋아요
먹보영이,좋아요
뷔안,굿
yjm2763,그냥
뚱치15,굿
예예,굿
h_****,좋아요
anyyyn,좋아요
h_****,좋아요
현주아빠64,조아요
제로스6293,좋아요
jhf****,굿
킁킁이65,아메 괜찮아요
달마법사66,좋아요
포만사랑,굿
wjd****,굿
kgs****,굿
wjd****,굿
뭉치5714,분위기가 좋아요
벨940,맛있어요
행운6940,굿굿
EUN5119,굿
hsj22167,굿굿
히리리리리릿릿,굿!
wjd****,굿
wjd****,굿
니언,조아요
dba****,조아요
riv****,좋아요
wjd****,굿
smr****,굿
옥냥님,좋아요
wjd****,굿
옥냥님,좋아요
뚱치15,저렴하고 양 많아요~
김감마,대용량이에요
쫑724,굿
LARGO,"가격 착하고 커피 양도 많고 맛도 괜찮아요!
매장 주변으로 늘 담배피시는 분들이 많아서 지나다니가 어려운 점이 아쉽네요^ ^;"
iss****,귯
맛있는곳만 사진올려요,먹어본 수박쥬스중에 역대급 제일 맛있었습니다.ㅠㅠ겨울에도 먹고싶지만 여름한정메뉴라 여름에 많이 먹어두세요!! 아이엠1리터는 수박쥬스 무조건 드셔야됩니다!
싸다구87,여전하네요
kwo****,좋아요
kim****,굿
rjs****,수박쥬스 꼭드세요 미쳤습니다 !
kwo****,메뉴가 많아요
kwo****,친절해요
박산닭,좋아요
띠용954,굳
kwo****,맛있어요
kwo****,깨끗해요
kwo****,좋아요
띠용954,굳
emc****,좋아요
sweet today,불친절..
l m y,생과일 쥬스 맛집
임페리얼퀸,"요즘 커피숍 분위기
코로나 19  이겨내요
커피맛있어요"
임페리얼퀸,"맛있다
바나나 주스
반하나 주스맛에"
remon0625,맛도좋고 이뿌고 좋아요
Thor96,빠르게나오고 좋아요
ginajp,좋아요 좋아 좋아요 좋아
하루가비,너무좋아요♥
소소한행복2185,친절하네요
sil****,좋아요
테디베어9748,수박쥬스 짱 맛있어요!!
whd****,굿
기향77,좋아요. 좋아요.
내꺼중에최고31,저렴하고 양많고 ^^
정림동임사장,수박주스 너무 맛있어요~~
현2807,매장의 원두냄새가 넘 좋았습니다~
블랙초코a,수박쥬스짱
ld****,좋아요
청운6978,굿
우히히7280,좋아요
1234561014,싸고 맛있어용♡
피돌이,양 최고
예쁜옷이너무많아,이가격에 이 양이라니 감사해요
예쁜옷이너무많아,괜찮은 것 같습니다  ㅎㅎ
min****,양많고 짱. 당 떨어질때 최고!!!
o5842o,저렴하고 양많구 맛있어요
1234561014,굿
rlagkssk31,좋아요!
o5842o,싸고 양많고 좋아요
corea40,사람이 많아서 살짝 시끄러워요! 녹차라떼 맛있어요
스트링28,커피 맛있어요~~싸고 좋아요 적립도 잘되요
1234561014,항상 굿
별빛달빛2104,생딸기라떼 맛나요
vls****,좋아요
mor****,좋아요
vls****,좋아요
ymj****,굿
mor****,좋아요
vls****,좋아요
파란구름41,친절해요
